INSERT INTO
    categories (id, name, description)
VALUES
    (UUID(), 'Web Development', 'Creating and maintaining websites'),
    (UUID(), 'Database Administration', 'Managing database systems'),
    (UUID(), 'Mobile Development', 'Developing mobile applications'),
    (UUID(), 'System Administration', 'Managing IT systems and networks'),
    (UUID(), 'Content Creation', 'Producing and managing content'),
    (UUID(), 'Business Analysis', 'Analyzing and improving business processes'),
    (UUID(), 'Cloud Computing', 'Cloud services and infrastructure management'),
    (UUID(), 'Security Analysis', 'Analyzing and improving security measures'),
    (UUID(), 'Teaching', 'Educational roles and tutoring'),
    (UUID(), 'Product Design', 'Designing products and services'),
    (UUID(), 'Game Development', 'Creating video games'),
    (UUID(), 'Technical Writing', 'Writing technical documentation'),
    (UUID(), 'Social Media Management', 'Managing social media accounts'),
    (UUID(), 'Event Planning', 'Planning and managing events'),
    (UUID(), 'Public Relations', 'Managing public relations and communication'),
    (UUID(), 'Operations Management', 'Managing daily operations of a business'),
    (UUID(), 'E-commerce', 'Managing online sales and marketing'),
    (UUID(), 'Accessibility', 'Ensuring products are accessible to all users'),
    (UUID(), 'Quality Assurance', 'Testing and ensuring product quality'),
    (UUID(), 'Research Analysis', 'Conducting research and analysis'),
    (UUID(), 'Technical Support', 'Providing technical assistance to clients or users'),
    (UUID(), 'Blockchain Technology', 'Developing blockchain solutions'),
    (UUID(), 'Virtual Reality', 'Creating VR experiences and applications'),
    (UUID(), 'Augmented Reality', 'Developing AR applications'),
    (UUID(), 'Email Marketing', 'Managing email marketing campaigns'),
    (UUID(), 'Copywriting', 'Writing copy for marketing and advertising'),
    (UUID(), 'Data Entry', 'Entering and managing data'),
    (UUID(), 'Video Editing', 'Editing videos for various purposes'),
    (UUID(), 'SEO Consulting', 'Consulting on SEO best practices'),
    (UUID(), 'Affiliate Marketing', 'Managing affiliate marketing programs'),
    (UUID(), 'Lead Generation', 'Generating leads for sales teams'),
    (UUID(), 'Influencer Marketing', 'Working with influencers for marketing'),
    (UUID(), 'Content Strategy', 'Strategizing content creation and management'),
    (UUID(), 'User Research', 'Conducting research on user experiences'),
    (UUID(), 'Digital Strategy', 'Developing digital marketing strategies'),
    (UUID(), 'Sustainability Consulting', 'Consulting on sustainability practices'),
    (UUID(), 'Brand Management', 'Managing brand identity and strategy'),
    (UUID(), 'Financial Consulting', 'Providing financial advice and consulting'),
    (UUID(), 'Investment Analysis', 'Analyzing investments and financial opportunities'),
    (UUID(), 'Risk Management', 'Identifying and managing business risks'),
    (UUID(), 'Insurance', 'Providing and managing insurance products'),
    (UUID(), 'Public Speaking', 'Engaging audiences through public speaking'),
    (UUID(), 'Community Management', 'Building and managing online communities'),
    (UUID(), 'Crisis Management', 'Managing communications during crises'),
    (UUID(), 'Data Privacy', 'Ensuring data protection and privacy'),
    (UUID(), 'Urban Planning', 'Planning and developing urban spaces'),
    (UUID(), 'Fashion Design', 'Designing clothing and accessories'),
    (UUID(), 'Interior Design', 'Designing interior spaces'),
    (UUID(), 'Architecture', 'Designing buildings and structures'),
    (UUID(), 'Film Production', 'Producing films and video content'),
    (UUID(), 'Photography', 'Capturing and editing photographs'),
    (UUID(), 'Music Production', 'Producing and managing music projects'),
    (UUID(), 'Marketing', 'Marketing and promotional activities'),
    (UUID(), 'Sales', 'Sales and revenue generation'),
    (UUID(), 'HR', 'Human Resources management'),
    (UUID(), 'Consulting', 'Business consulting services'),
    (UUID(), 'Corporate Training', 'Employee training and development'),
    (UUID(), 'Data Science', 'Data analysis and scientific computing');

    INSERT INTO
        users (id, first_name, last_name, profession, email, password, role, profile_picture)
    VALUES
        (UUID(), 'Kevin', 'Martinez', 'Data Analyst', 'kevin.martinez@example.com', 'password123', 'user', 'default-avatar.png'),
        (UUID(), 'Laura', 'Hernandez', 'Content Strategist', 'laura.hernandez@example.com', 'password123', 'employer', 'default-avatar.png'),
        (UUID(), 'Matthew', 'Garcia', 'Software Developer', 'matthew.garcia@example.com', 'password123', 'employer', 'default-avatar.png'),
        (UUID(), 'Natalie', 'Rodriguez', 'Marketing Specialist', 'natalie.rodriguez@example.com', 'password123', 'employer', 'default-avatar.png'),
        (UUID(), 'Oscar', 'Martinez', 'Systems Analyst', 'oscar.martinez@example.com', 'password123', 'employer', 'default-avatar.png'),
        (UUID(), 'Paula', 'Lopez', 'Event Coordinator', 'paula.lopez@example.com', 'password123', 'employer', 'default-avatar.png'),
        (UUID(), 'Quinn', 'Gonzalez', 'IT Consultant', 'quinn.gonzalez@example.com', 'password123', 'employer', 'default-avatar.png'),
        (UUID(), 'Rita', 'Wilson', 'Social Media Manager', 'rita.wilson@example.com', 'password123', 'employer', 'default-avatar.png'),
        (UUID(), 'Sam', 'Anderson', 'Digital Marketer', 'sam.anderson@example.com', 'password123', 'employer', 'default-avatar.png'),
        (UUID(), 'Tina', 'Thomas', 'Product Manager', 'tina.thomas@example.com', 'password123', 'employer', 'default-avatar.png'),
        (UUID(), 'Uma', 'Taylor', 'Financial Advisor', 'uma.taylor@example.com', 'password123', 'employer', 'default-avatar.png'),
        (UUID(), 'Victor', 'Moore', 'Graphic Designer', 'victor.moore@example.com', 'password123', 'employer', 'default-avatar.png'),
        (UUID(), 'Wendy', 'Jackson', 'Web Developer', 'wendy.jackson@example.com', 'password123', 'employer', 'default-avatar.png'),
        (UUID(), 'Xander', 'White', 'HR Specialist', 'xander.white@example.com', 'password123', 'employer', 'default-avatar.png'),
        (UUID(), 'Yara', 'Harris', 'Mobile Developer', 'yara.harris@example.com', 'password123', 'employer', 'default-avatar.png'),
        (UUID(), 'Zane', 'Clark', 'Research Analyst', 'zane.clark@example.com', 'password123', 'employer', 'default-avatar.png'),
        (UUID(), 'Alice', 'Parker', 'Content Editor', 'alice.parker@example.com', 'password123', 'employer', 'default-avatar.png'),
        (UUID(), 'Brian', 'Evans', 'IT Support', 'brian.evans@example.com', 'password123', 'employer', 'default-avatar.png'),
        (UUID(), 'Catherine', 'Edwards', 'Sales Representative', 'catherine.edwards@example.com', 'password123', 'employer', 'default-avatar.png'),
        (UUID(), 'Daniel', 'Collins', 'UX Designer', 'daniel.collins@example.com', 'password123', 'user', 'default-avatar.png'),
        (UUID(), 'Elaine', 'Stewart', 'Brand Manager', 'elaine.stewart@example.com', 'password123', 'user', 'default-avatar.png'),
        (UUID(), 'Frank', 'Sanchez', 'PR Specialist', 'frank.sanchez@example.com', 'password123', 'user', 'default-avatar.png'),
        (UUID(), 'Gina', 'Morris', 'Environmental Consultant', 'gina.morris@example.com', 'password123', 'user', 'default-avatar.png'),
        (UUID(), 'Henry', 'Rogers', 'Operations Manager', 'henry.rogers@example.com', 'password123', 'user', 'default-avatar.png'),
        (UUID(), 'Ivy', 'Reed', 'Legal Assistant', 'ivy.reed@example.com', 'password123', 'user', 'default-avatar.png'),
        (UUID(), 'Jake', 'Cook', 'Supply Chain Analyst', 'jake.cook@example.com', 'password123', 'user', 'default-avatar.png'),
        (UUID(), 'Kathy', 'Bell', 'Account Manager', 'kathy.bell@example.com', 'password123', 'user', 'default-avatar.png'),
        (UUID(), 'Leo', 'Murphy', 'Software Architect', 'leo.murphy@example.com', 'password123', 'user', 'default-avatar.png'),
        (UUID(), 'Monica', 'Rivera', 'QA Engineer', 'monica.rivera@example.com', 'password123', 'user', 'default-avatar.png'),
        (UUID(), 'Nina', 'Cooper', 'Customer Success Manager', 'nina.cooper@example.com', 'password123', 'user', 'default-avatar.png'),
        (UUID(), 'Oscar', 'Richardson', 'Social Media Analyst', 'oscar.richardson@example.com', 'password123', 'user', 'default-avatar.png'),
        (UUID(), 'Pamela', 'Cox', 'Corporate Trainer', 'pamela.cox@example.com', 'password123', 'user', 'default-avatar.png'),
        (UUID(), 'Quincy', 'Howard', 'UX Designer', 'quincy.howard@example.com', 'password123', 'user', 'default-avatar.png'),
        (UUID(), 'Rachel', 'Ward', 'Interior Designer', 'rachel.ward@example.com', 'password123', 'user', 'default-avatar.png'),
        (UUID(), 'Steve', 'Torres', 'Fitness Instructor', 'steve.torres@example.com', 'password123', 'user', 'default-avatar.png'),
        (UUID(), 'Tracy', 'Peterson', 'Retail Manager', 'tracy.peterson@example.com', 'password123', 'user', 'default-avatar.png'),
        (UUID(), 'Ursula', 'Gray', 'Project Manager', 'ursula.gray@example.com', 'password123', 'user', 'default-avatar.png'),
        (UUID(), 'Victor', 'Ramirez', 'Crisis Manager', 'victor.ramirez@example.com', 'password123', 'user', 'default-avatar.png'),
        (UUID(), 'Wendy', 'James', 'Blockchain Developer', 'wendy.james@example.com', 'password123', 'user', 'default-avatar.png'),
        (UUID(), 'Xena', 'Watson', 'Wellness Coach', 'xena.watson@example.com', 'password123', 'employer', 'default-avatar.png'),
        (UUID(), 'Yosef', 'Brooks', 'Security Specialist', 'yosef.brooks@example.com', 'password123', 'employer', 'default-avatar.png'),
        (UUID(), 'Zara', 'Kelly', 'App Developer', 'zara.kelly@example.com', 'password123', 'employer', 'default-avatar.png'),
        (UUID(), 'Someone', 'Test', 'Teacher', 'someone@example.com', 'password123', 'user', 'default-avatar.png'),
        (UUID(), 'Robert', 'Johnson', 'HR Director', 'robert.johnson@example.com', 'password123', 'employer', 'default-avatar.png'),
        (UUID(), 'Emily', 'Williams', 'Recruiting Manager', 'emily.williams@example.com', 'password123', 'employer', 'default-avatar.png'),
        (UUID(), 'Michael', 'Brown', 'Talent Acquisition', 'michael.brown@example.com', 'password123', 'employer', 'default-avatar.png');

    INSERT INTO
    companies (id, name, description, location, website, user_id)
VALUES
    (UUID(), 'Innovative Tech', 'Leading solutions in technology innovation', 'Amsterdam', 'https://innovativetech.example.com', (SELECT id FROM users WHERE email = 'admin@example.com')),
    (UUID(), 'Creative Minds', 'Creative agency specializing in branding', 'Rotterdam', 'https://creativeminds.example.com', (SELECT id FROM users WHERE email = 'laura.hernandez@example.com')),
    (UUID(), 'Green Energy', 'Sustainable energy provider', 'Utrecht', 'https://greenenergy.example.com', (SELECT id FROM users WHERE email = 'matthew.garcia@example.com')),
    (UUID(), 'Advanced Robotics', 'Pioneering robotics and automation', 'Amsterdam', 'https://advancedrobotics.example.com', (SELECT id FROM users WHERE email = 'natalie.rodriguez@example.com')),
    (UUID(), 'Health Innovators', 'Innovative healthcare solutions', 'Rotterdam', 'https://healthinnovators.example.com', (SELECT id FROM users WHERE email = 'oscar.martinez@example.com')),
    (UUID(), 'Digital Marketing Agency', 'Full-service digital marketing agency', 'Utrecht', 'https://digitalmarketingagency.example.com', (SELECT id FROM users WHERE email = 'paula.lopez@example.com')),
    (UUID(), 'E-commerce Solutions', 'Providing e-commerce frameworks', 'Amsterdam', 'https://ecommercesolutions.example.com', (SELECT id FROM users WHERE email = 'quinn.gonzalez@example.com')),
    (UUID(), 'Next Gen Media', 'Multi-platform media company', 'Rotterdam', 'https://nextgenmedia.example.com', (SELECT id FROM users WHERE email = 'rita.wilson@example.com')),
    (UUID(), 'Innovative Marketing', 'Creative marketing strategies and execution', 'Utrecht', 'https://innovativemarketing.example.com', (SELECT id FROM users WHERE email = 'sam.anderson@example.com')),
    (UUID(), 'AI Solutions', 'Artificial intelligence consulting', 'Amsterdam', 'https://aisolutions.example.com', (SELECT id FROM users WHERE email = 'tina.thomas@example.com')),
    (UUID(), 'Fashion Forward', 'Leading fashion retail chain', 'Rotterdam', 'https://fashionforward.example.com', (SELECT id FROM users WHERE email = 'uma.taylor@example.com')),
    (UUID(), 'Smart Homes', 'Home automation solutions', 'Utrecht', 'https://smarthomes.example.com', (SELECT id FROM users WHERE email = 'victor.moore@example.com')),
    (UUID(), 'Travel Agency', 'Personalized travel planning services', 'Amsterdam', 'https://travelagency.example.com', (SELECT id FROM users WHERE email = 'wendy.jackson@example.com')),
    (UUID(), 'Fitness Hub', 'Providing fitness and wellness solutions', 'Rotterdam', 'https://fitnesshub.example.com', (SELECT id FROM users WHERE email = 'xander.white@example.com')),
    (UUID(), 'Pet Services', 'Comprehensive pet care services', 'Utrecht', 'https://petservices.example.com', (SELECT id FROM users WHERE email = 'yara.harris@example.com')),
    (UUID(), 'Culinary Creations', 'Gourmet food and catering services', 'Amsterdam', 'https://culinarycreations.example.com', (SELECT id FROM users WHERE email = 'zane.clark@example.com')),
    (UUID(), 'Home Improvement', 'Home renovation and improvement services', 'Rotterdam', 'https://homeimprovement.example.com', (SELECT id FROM users WHERE email = 'alice.parker@example.com')),
    (UUID(), 'Smart Investments', 'Investment consulting firm', 'Utrecht', 'https://smartinvestments.example.com', (SELECT id FROM users WHERE email = 'brian.evans@example.com')),
    (UUID(), 'Tech Support', 'Providing IT support services', 'Amsterdam', 'https://techsupport.example.com', (SELECT id FROM users WHERE email = 'catherine.edwards@example.com')),
    (UUID(), 'Legal Advisors', 'Providing legal and compliance services', 'Rotterdam', 'https://legaladvisors.example.com', (SELECT id FROM users WHERE email = 'daniel.collins@example.com')),
    (UUID(), 'Real Estate Agency', 'Helping you find the perfect home', 'Utrecht', 'https://realestateagency.example.com', (SELECT id FROM users WHERE email = 'elaine.stewart@example.com')),
    (UUID(), 'Security Solutions', 'Providing security services and products', 'Amsterdam', 'https://securitysolutions.example.com', (SELECT id FROM users WHERE email = 'frank.sanchez@example.com')),
    (UUID(), 'HR Consulting', 'Human resources consulting services', 'Rotterdam', 'https://hrconsulting.example.com', (SELECT id FROM users WHERE email = 'gina.morris@example.com')),
    (UUID(), 'Event Management', 'Planning and managing events', 'Utrecht', 'https://eventmanagement.example.com', (SELECT id FROM users WHERE email = 'henry.rogers@example.com')),
    (UUID(), 'Social Good', 'Non-profit organization for community service', 'Amsterdam', 'https://socialgood.example.com', (SELECT id FROM users WHERE email = 'ivy.reed@example.com')),
    (UUID(), 'Tech Innovations', 'Innovative technology products and services', 'Rotterdam', 'https://techinnovations.example.com', (SELECT id FROM users WHERE email = 'jake.cook@example.com')),
    (UUID(), 'Gaming Hub', 'Developing and publishing games', 'Utrecht', 'https://gaminghub.example.com', (SELECT id FROM users WHERE email = 'kathy.bell@example.com')),
    (UUID(), 'Digital Solutions', 'Providing digital transformation services', 'Amsterdam', 'https://digitalsolutions.example.com', (SELECT id FROM users WHERE email = 'leo.murphy@example.com')),
    (UUID(), 'Logistics Company', 'Managing logistics and supply chain', 'Rotterdam', 'https://logisticscompany.example.com', (SELECT id FROM users WHERE email = 'monica.rivera@example.com')),
    (UUID(), 'Travel Ventures', 'Travel planning and booking services', 'Utrecht', 'https://travelventures.example.com', (SELECT id FROM users WHERE email = 'nina.cooper@example.com')),
    (UUID(), 'Art Gallery', 'Showcasing contemporary art', 'Amsterdam', 'https://artgallery.example.com', (SELECT id FROM users WHERE email = 'oscar.richardson@example.com')),
    (UUID(), 'Manufacturing Solutions', 'Providing manufacturing services', 'Rotterdam', 'https://manufacturingsolutions.example.com', (SELECT id FROM users WHERE email = 'pamela.cox@example.com')),
    (UUID(), 'Elder Care', 'Providing care services for the elderly', 'Utrecht', 'https://eldercare.example.com', (SELECT id FROM users WHERE email = 'quincy.howard@example.com')),
    (UUID(), 'Insurance Agency', 'Offering various insurance products', 'Amsterdam', 'https://insuranceagency.example.com', (SELECT id FROM users WHERE email = 'rachel.ward@example.com')),
    (UUID(), 'Digital Publishing', 'Publishing digital content', 'Rotterdam', 'https://digitalpublishing.example.com', (SELECT id FROM users WHERE email = 'steve.torres@example.com')),
    (UUID(), 'Sustainable Farms', 'Organic farming and produce', 'Utrecht', 'https://sustainablefarms.example.com', (SELECT id FROM users WHERE email = 'tracy.peterson@example.com')),
    (UUID(), 'Online Education', 'Providing online learning platforms', 'Amsterdam', 'https://onlineeducation.example.com', (SELECT id FROM users WHERE email = 'ursula.gray@example.com')),
    (UUID(), 'Fitness Studio', 'Offering fitness classes and training', 'Rotterdam', 'https://fitnessstudio.example.com', (SELECT id FROM users WHERE email = 'victor.ramirez@example.com')),
    (UUID(), 'Data Solutions', 'Providing data analysis and consulting', 'Utrecht', 'https://datasolutions.example.com', (SELECT id FROM users WHERE email = 'wendy.james@example.com')),
    (UUID(), 'Wellness Center', 'Holistic wellness services', 'Amsterdam', 'https://wellnesscenter.example.com', (SELECT id FROM users WHERE email = 'xena.watson@example.com')),
    (UUID(), 'Home Security', 'Providing home security systems', 'Rotterdam', 'https://homesecurity.example.com', (SELECT id FROM users WHERE email = 'yosef.brooks@example.com')),
    (UUID(), 'Mobile Apps', 'Developing mobile applications', 'Utrecht', 'https://mobileapps.example.com', (SELECT id FROM users WHERE email = 'zara.kelly@example.com' ORDER BY id LIMIT 1));

INSERT INTO
    jobs (id, title, description, requirements, salary_range, location, company_id, category_id)
VALUES
    (UUID(), 'Backend Developer', 'We need a backend developer with Node.js experience.', 'Proficiency in Node.js. Experience with REST APIs', 'EUR4000-EUR5500', 'Amsterdam', (SELECT id FROM companies WHERE name = 'Innovative Tech' ORDER BY id LIMIT 1), (SELECT id FROM categories WHERE name = 'Web Development' ORDER BY id LIMIT 1)),
    (UUID(), 'Mobile App Developer', 'Seeking a mobile app developer for iOS and Android.', 'Experience with Swift and Kotlin', 'EUR3500-EUR5000', 'Rotterdam', (SELECT id FROM companies WHERE name = 'Creative Minds' ORDER BY id LIMIT 1), (SELECT id FROM categories WHERE name = 'Mobile Development' ORDER BY id LIMIT 1)),
    (UUID(), 'Data Scientist', 'Looking for a data scientist with machine learning skills.', 'Experience with Python and machine learning algorithms', 'EUR4500-EUR6000', 'Utrecht', (SELECT id FROM companies WHERE name = 'Green Energy' ORDER BY id LIMIT 1), (SELECT id FROM categories WHERE name = 'Data Privacy' ORDER BY id LIMIT 1)),
    (UUID(), 'Content Writer', 'Writing engaging content for our website and blog.', 'Excellent writing skills. Experience with SEO', 'EUR2500-EUR3500', 'Amsterdam', (SELECT id FROM companies WHERE name = 'Digital Marketing Agency' ORDER BY id LIMIT 1), (SELECT id FROM categories WHERE name = 'Content Creation' ORDER BY id LIMIT 1)),
    (UUID(), 'Graphic Designer', 'We are looking for a creative graphic designer.', 'Experience with Adobe Creative Suite. Portfolio required', 'EUR3000-EUR4000', 'Rotterdam', (SELECT id FROM companies WHERE name = 'Next Gen Media' ORDER BY id LIMIT 1), (SELECT id FROM categories WHERE name = 'Product Design' ORDER BY id LIMIT 1)),
    (UUID(), 'SEO Specialist', 'Optimize our website for search engines.', 'Experience with SEO tools and analytics', 'EUR3000-EUR4000', 'Utrecht', (SELECT id FROM companies WHERE name = 'Innovative Marketing' ORDER BY id LIMIT 1), (SELECT id FROM categories WHERE name = 'SEO Consulting' ORDER BY id LIMIT 1)),
    (UUID(), 'Network Engineer', 'Manage our network infrastructure and security.', 'Experience with Cisco and network protocols', 'EUR4000-EUR5500', 'Amsterdam', (SELECT id FROM companies WHERE name = 'Tech Support' ORDER BY id LIMIT 1), (SELECT id FROM categories WHERE name = 'System Administration' ORDER BY id LIMIT 1)),
    (UUID(), 'Social Media Strategist', 'Develop strategies for our social media channels.', 'Experience with social media platforms and analytics', 'EUR3000-EUR4000', 'Rotterdam', (SELECT id FROM companies WHERE name = 'AI Solutions' ORDER BY id LIMIT 1), (SELECT id FROM categories WHERE name = 'Social Media Management' ORDER BY id LIMIT 1)),
    (UUID(), 'UX Researcher', 'Conduct user research for product development.', 'Experience with user testing and surveys', 'EUR3500-EUR4500', 'Utrecht', (SELECT id FROM companies WHERE name = 'Health Innovators' ORDER BY id LIMIT 1), (SELECT id FROM categories WHERE name = 'User Research' ORDER BY id LIMIT 1)),
    (UUID(), 'Business Analyst', 'Analyze business processes for improvement.', 'Experience with data analysis and reporting', 'EUR4000-EUR5000', 'Amsterdam', (SELECT id FROM companies WHERE name = 'Smart Investments' ORDER BY id LIMIT 1), (SELECT id FROM categories WHERE name = 'Business Analysis' ORDER BY id LIMIT 1)),
    (UUID(), 'Event Coordinator', 'Organize and manage events for clients.', 'Experience in event planning and management', 'EUR3000-EUR4000', 'Rotterdam', (SELECT id FROM companies WHERE name = 'Event Management' ORDER BY id LIMIT 1), (SELECT id FROM categories WHERE name = 'Event Planning' ORDER BY id LIMIT 1)),
    (UUID(), 'Mobile Game Developer', 'Develop mobile games for various platforms.', 'Experience with Unity and game design', 'EUR4000-EUR5500', 'Utrecht', (SELECT id FROM companies WHERE name = 'Gaming Hub' ORDER BY id LIMIT 1), (SELECT id FROM categories WHERE name = 'Game Development' ORDER BY id LIMIT 1)),
    (UUID(), 'Research Scientist', 'Conduct research in the field of biotechnology.', 'PhD in relevant field. Experience with lab techniques', 'EUR5000-EUR7000', 'Amsterdam', (SELECT id FROM companies WHERE name = 'Advanced Robotics' ORDER BY id LIMIT 1), (SELECT id FROM categories WHERE name = 'Research Analysis' ORDER BY id LIMIT 1)),
    (UUID(), 'Legal Consultant', 'Provide legal advice to clients.', 'Law degree and bar admission required', 'EUR4000-EUR6000', 'Rotterdam', (SELECT id FROM companies WHERE name = 'Legal Advisors' ORDER BY id LIMIT 1), (SELECT id FROM categories WHERE name = 'Insurance' ORDER BY id LIMIT 1)),
    (UUID(), 'Product Marketing Manager', 'Lead the marketing strategy for our products.', 'Experience in product marketing and management', 'EUR4500-EUR6000', 'Utrecht', (SELECT id FROM companies WHERE name = 'Digital Solutions' ORDER BY id LIMIT 1), (SELECT id FROM categories WHERE name = 'Marketing' ORDER BY id LIMIT 1)),
    (UUID(), 'Technical Writer', 'Write manuals and documentation for our products.', 'Strong writing skills and technical knowledge', 'EUR3000-EUR4000', 'Amsterdam', (SELECT id FROM companies WHERE name = 'Digital Publishing' ORDER BY id LIMIT 1), (SELECT id FROM categories WHERE name = 'Technical Writing' ORDER BY id LIMIT 1)),
    (UUID(), 'Financial Analyst', 'Analyze financial data and provide insights.', 'Experience with financial modeling and analysis', 'EUR3500-EUR5000', 'Rotterdam', (SELECT id FROM companies WHERE name = 'Smart Investments' ORDER BY id LIMIT 1), (SELECT id FROM categories WHERE name = 'Financial Consulting' ORDER BY id LIMIT 1)),
    (UUID(), 'E-commerce Manager', 'Manage our online store and sales strategies.', 'Experience with e-commerce platforms', 'EUR4000-EUR5500', 'Utrecht', (SELECT id FROM companies WHERE name = 'E-commerce Solutions' ORDER BY id LIMIT 1), (SELECT id FROM categories WHERE name = 'E-commerce' ORDER BY id LIMIT 1)),
    (UUID(), 'Cloud Architect', 'Design and implement cloud infrastructure.', 'Experience with AWS or Azure', 'EUR5000-EUR7000', 'Amsterdam', (SELECT id FROM companies WHERE name = 'AI Solutions' ORDER BY id LIMIT 1), (SELECT id FROM categories WHERE name = 'Cloud Computing' ORDER BY id LIMIT 1)),
    (UUID(), 'Sales Executive', 'Drive sales and manage client relationships.', 'Experience in sales and customer service', 'EUR3500-EUR4500', 'Rotterdam', (SELECT id FROM companies WHERE name = 'Travel Agency' ORDER BY id LIMIT 1), (SELECT id FROM categories WHERE name = 'Sales' ORDER BY id LIMIT 1)),
    (UUID(), 'HR Coordinator', 'Support HR activities and employee relations.', 'Experience in HR administration', 'EUR3000-EUR4000', 'Utrecht', (SELECT id FROM companies WHERE name = 'HR Consulting' ORDER BY id LIMIT 1), (SELECT id FROM categories WHERE name = 'Operations Management' ORDER BY id LIMIT 1)),
    (UUID(), 'Insurance Agent', 'Provide insurance solutions to clients.', 'Experience in insurance sales', 'EUR3000-EUR4500', 'Amsterdam', (SELECT id FROM companies WHERE name = 'Insurance Agency' ORDER BY id LIMIT 1), (SELECT id FROM categories WHERE name = 'Insurance' ORDER BY id LIMIT 1)),
    (UUID(), 'Data Engineer', 'Build and maintain data pipelines.', 'Experience with ETL processes and SQL', 'EUR4000-EUR5500', 'Rotterdam', (SELECT id FROM companies WHERE name = 'Data Solutions' ORDER BY id LIMIT 1), (SELECT id FROM categories WHERE name = 'Database Administration' ORDER BY id LIMIT 1)),
    (UUID(), 'Web Designer', 'Create visually appealing website designs.', 'Experience with HTML, CSS, and JavaScript', 'EUR3000-EUR4000', 'Utrecht', (SELECT id FROM companies WHERE name = 'Creative Minds' ORDER BY id LIMIT 1), (SELECT id FROM categories WHERE name = 'Web Development' ORDER BY id LIMIT 1)),
    (UUID(), 'Game Designer', 'Design gameplay mechanics and user experiences.', 'Experience in game design and prototyping', 'EUR4000-EUR5500', 'Amsterdam', (SELECT id FROM companies WHERE name = 'Gaming Hub' ORDER BY id LIMIT 1), (SELECT id FROM categories WHERE name = 'Game Development' ORDER BY id LIMIT 1)),
    (UUID(), 'Online Community Manager', 'Manage and grow our online community.', 'Experience with community engagement', 'EUR3000-EUR4000', 'Rotterdam', (SELECT id FROM companies WHERE name = 'Social Good' ORDER BY id LIMIT 1), (SELECT id FROM categories WHERE name = 'Community Management' ORDER BY id LIMIT 1)),
    (UUID(), 'Sustainability Consultant', 'Advise on sustainable practices for businesses.', 'Experience in environmental science', 'EUR4500-EUR6000', 'Utrecht', (SELECT id FROM companies WHERE name = 'Sustainability Consulting' ORDER BY id LIMIT 1), (SELECT id FROM categories WHERE name = 'Sustainability Consulting' ORDER BY id LIMIT 1)),
    (UUID(), 'Fashion Buyer', 'Source and purchase fashion products.', 'Experience in retail and buying', 'EUR3500-EUR4500', 'Amsterdam', (SELECT id FROM companies WHERE name = 'Fashion Forward' ORDER BY id LIMIT 1), (SELECT id FROM categories WHERE name = 'Fashion Design' ORDER BY id LIMIT 1)),
    (UUID(), 'Video Producer', 'Create and produce video content.', 'Experience with video editing and production', 'EUR4000-EUR5000', 'Rotterdam', (SELECT id FROM companies WHERE name = 'Culinary Creations' ORDER BY id LIMIT 1), (SELECT id FROM categories WHERE name = 'Video Editing' ORDER BY id LIMIT 1)),
    (UUID(), 'Public Relations Specialist', 'Manage public relations and media communications.', 'Experience in PR and media relations', 'EUR3500-EUR4500', 'Utrecht', (SELECT id FROM companies WHERE name = 'Public Relations' ORDER BY id LIMIT 1), (SELECT id FROM categories WHERE name = 'Public Relations' ORDER BY id LIMIT 1)),
    (UUID(), 'Travel Consultant', 'Plan and book travel for clients.', 'Experience in travel planning and booking systems', 'EUR3000-EUR4000', 'Amsterdam', (SELECT id FROM companies WHERE name = 'Travel Ventures' ORDER BY id LIMIT 1), (SELECT id FROM categories WHERE name = 'Event Planning' ORDER BY id LIMIT 1));

INSERT INTO
    skills (id, name, description)
VALUES
    (UUID(), 'Node.js', 'JavaScript runtime built on Chrome\'s V8 engine.'),
    (UUID(), 'Swift', 'Programming language for iOS development.'),
    (UUID(), 'Kotlin', 'Programming language for Android development.'),
    (UUID(), 'Machine Learning', 'Algorithms that allow computers to learn from data.'),
    (UUID(), 'Unity', 'Cross-platform game engine for creating games.'),
    (UUID(), 'Adobe Creative Suite', 'Collection of graphic design software.'),
    (UUID(), 'REST APIs', 'Architectural style for designing networked applications.'),
    (UUID(), 'Financial Modeling', 'Building representations of a company\'s financial performance.'),
    (UUID(), 'ETL', 'Extract, Transform, Load - a process for moving data.'),
    (UUID(), 'Project Management', 'Planning, executing, and closing projects.'),
    (UUID(), 'Data Visualization', 'Representing data graphically.'),
    (UUID(), 'Video Production', 'Creating video content from conception to completion.'),
    (UUID(), 'Public Speaking', 'Effectively communicating to an audience.'),
    (UUID(), 'Negotiation', 'Discussing to reach an agreement.'),
    (UUID(), 'Strategic Planning', 'Defining strategy and direction.'),
    (UUID(), 'Financial Analysis', 'Assessing a company\'s financial performance.'),
    (UUID(), 'Brand Development', 'Creating and managing brand identity.'),
    (UUID(), 'User Interface Design', 'Designing user interfaces for software applications.'),
    (UUID(), 'User Experience Design', 'Enhancing user satisfaction with a product.'),
    (UUID(), 'Digital Analytics', 'Analyzing digital data to improve performance.'),
    (UUID(), 'Content Management', 'Creating and managing digital content.'),
    (UUID(), 'Crisis Communication', 'Managing communication during a crisis.'),
    (UUID(), 'Business Development', 'Identifying growth opportunities.'),
    (UUID(), 'Risk Assessment', 'Identifying and managing risks.'),
    (UUID(), 'Supply Chain Management', 'Managing the flow of goods and services.'),
    (UUID(), 'Quality Control', 'Ensuring products meet quality standards.'),
    (UUID(), 'Coaching', 'Guiding individuals to improve performance.'),
    (UUID(), 'Social Media Strategy', 'Planning and executing social media campaigns.'),
    (UUID(), 'Digital Marketing', 'Promoting products or services online.'),
    (UUID(), 'Email Marketing', 'Using emails to send commercial messages.'),
    (UUID(), 'Graphic Design', 'Creating visual content for communication.'),
    (UUID(), 'Web Development', 'Building and maintaining websites.'),
    (UUID(), 'Data Entry', 'Inputting data into a computer system.'),
    (UUID(), 'Photography', 'Capturing images using a camera.'),
    (UUID(), 'Event Planning', 'Organizing events from start to finish.'),
    (UUID(), 'Recruitment', 'Finding and hiring candidates for jobs.'),
    (UUID(), 'Sales Strategy', 'Planning and executing sales initiatives.'),
    (UUID(), 'Technical Support', 'Assisting users with technical issues.'),
    (UUID(), 'Customer Service', 'Assisting customers with inquiries and issues.'),
    (UUID(), 'Market Research', 'Gathering and analyzing market data.'),
    (UUID(), 'E-commerce Strategy', 'Planning and executing online sales initiatives.'),
    (UUID(), 'Content Writing', 'Creating written content for various media.'),
    (UUID(), 'Financial Reporting', 'Reporting on financial performance.'),
    (UUID(), 'Legal Compliance', 'Ensuring compliance with laws and regulations.'),
    (UUID(), 'Brand Strategy', 'Defining a brand\'s positioning and messaging.'),
    (UUID(), 'User Testing', 'Testing a product with real users.'),
    (UUID(), 'Digital Content Strategy', 'Planning the creation and distribution of digital content.'),
    (UUID(), 'Data Analysis', 'Analyzing data to extract insights.'),
    (UUID(), 'Digital Product Management', 'Managing digital products throughout their lifecycle.'),
    (UUID(), 'Social Media Engagement', 'Interacting with users on social media platforms.'),
    (UUID(), 'Performance Marketing', 'Using analytics to optimize marketing campaigns.'),
    (UUID(), 'Change Management', 'Managing organizational change.'),
    (UUID(), 'Agile Methodologies', 'Iterative approaches to project management.'),
    (UUID(), 'Blockchain Technology', 'Using decentralized ledgers for transactions.'),
    (UUID(), 'Cloud Computing', 'Using remote servers for data storage and processing.'),
    (UUID(), 'Corporate Training', 'Providing training for employees.'),
    (UUID(), 'Language Skills', 'Proficiency in languages other than native language.'),
    (UUID(), 'Network Protocols', 'Protocols used for network communication.'),
    (UUID(), 'Technical Writing', 'Creating technical documentation and manuals.'),
    (UUID(), 'Game Development', 'Creating and developing video games.'),
    (UUID(), 'Community Management', 'Managing and growing online communities.'),
    (UUID(), 'Sales', 'Sales and business development'),
    (UUID(), 'Marketing', 'Marketing and promotion strategies');

INSERT INTO
    job_skills (job_id, skill_id)
VALUES
    ((SELECT id FROM jobs WHERE title = 'Backend Developer'), (SELECT id FROM skills WHERE name = 'Node.js')),
    ((SELECT id FROM jobs WHERE title = 'Backend Developer'), (SELECT id FROM skills WHERE name = 'REST APIs')),
    ((SELECT id FROM jobs WHERE title = 'Mobile App Developer'), (SELECT id FROM skills WHERE name = 'Swift')),
    ((SELECT id FROM jobs WHERE title = 'Mobile App Developer'), (SELECT id FROM skills WHERE name = 'Kotlin')),
    ((SELECT id FROM jobs WHERE title = 'Data Scientist'), (SELECT id FROM skills WHERE name = 'Machine Learning')),
    ((SELECT id FROM jobs WHERE title = 'Content Writer'), (SELECT id FROM skills WHERE name = 'Content Writing')),
    ((SELECT id FROM jobs WHERE title = 'Graphic Designer'), (SELECT id FROM skills WHERE name = 'Adobe Creative Suite')),
    ((SELECT id FROM jobs WHERE title = 'SEO Specialist'), (SELECT id FROM skills WHERE name = 'Digital Marketing')),
    ((SELECT id FROM jobs WHERE title = 'Network Engineer'), (SELECT id FROM skills WHERE name = 'Network Protocols')),
    ((SELECT id FROM jobs WHERE title = 'Social Media Strategist'), (SELECT id FROM skills WHERE name = 'Social Media Strategy')),
    ((SELECT id FROM jobs WHERE title = 'UX Researcher'), (SELECT id FROM skills WHERE name = 'User Testing')),
    ((SELECT id FROM jobs WHERE title = 'Business Analyst'), (SELECT id FROM skills WHERE name = 'Financial Analysis')),
    ((SELECT id FROM jobs WHERE title = 'Event Coordinator'), (SELECT id FROM skills WHERE name = 'Event Planning')),
    ((SELECT id FROM jobs WHERE title = 'Mobile Game Developer'), (SELECT id FROM skills WHERE name = 'Unity')),
    ((SELECT id FROM jobs WHERE title = 'Research Scientist'), (SELECT id FROM skills WHERE name = 'Project Management')),
    ((SELECT id FROM jobs WHERE title = 'Legal Consultant'), (SELECT id FROM skills WHERE name = 'Legal Compliance')),
    ((SELECT id FROM jobs WHERE title = 'Product Marketing Manager'), (SELECT id FROM skills WHERE name = 'Brand Strategy')),
    ((SELECT id FROM jobs WHERE title = 'Technical Writer'), (SELECT id FROM skills WHERE name = 'Technical Writing')),
    ((SELECT id FROM jobs WHERE title = 'Financial Analyst'), (SELECT id FROM skills WHERE name = 'Financial Reporting')),
    ((SELECT id FROM jobs WHERE title = 'E-commerce Manager'), (SELECT id FROM skills WHERE name = 'E-commerce Strategy')),
    ((SELECT id FROM jobs WHERE title = 'Cloud Architect'), (SELECT id FROM skills WHERE name = 'Cloud Computing')),
    ((SELECT id FROM jobs WHERE title = 'Sales Executive'), (SELECT id FROM skills WHERE name = 'Sales Strategy')),
    ((SELECT id FROM jobs WHERE title = 'HR Coordinator'), (SELECT id FROM skills WHERE name = 'Recruitment')),
    ((SELECT id FROM jobs WHERE title = 'Insurance Agent'), (SELECT id FROM skills WHERE name = 'Customer Service')),
    ((SELECT id FROM jobs WHERE title = 'Data Engineer'), (SELECT id FROM skills WHERE name = 'Data Analysis')),
    ((SELECT id FROM jobs WHERE title = 'Web Designer'), (SELECT id FROM skills WHERE name = 'Web Development')),
    ((SELECT id FROM jobs WHERE title = 'Game Designer'), (SELECT id FROM skills WHERE name = 'Game Development')),
    ((SELECT id FROM jobs WHERE title = 'Online Community Manager'), (SELECT id FROM skills WHERE name = 'Community Management')),
    ((SELECT id FROM jobs WHERE title = 'Sustainability Consultant'), (SELECT id FROM skills WHERE name = 'Change Management')),
    ((SELECT id FROM jobs WHERE title = 'Fashion Buyer'), (SELECT id FROM skills WHERE name = 'Negotiation')),
    ((SELECT id FROM jobs WHERE title = 'Video Producer'), (SELECT id FROM skills WHERE name = 'Video Production')),
    ((SELECT id FROM jobs WHERE title = 'Public Relations Specialist'), (SELECT id FROM skills WHERE name = 'Public Speaking')),
    ((SELECT id FROM jobs WHERE title = 'Travel Consultant'), (SELECT id FROM skills WHERE name = 'Customer Service'));

INSERT INTO
    user_skills (user_id, skill_id)
VALUES
    ((SELECT id FROM users WHERE email = 'kevin.martinez@example.com'), (SELECT id FROM skills WHERE name = 'Node.js')),
    ((SELECT id FROM users WHERE email = 'laura.hernandez@example.com'), (SELECT id FROM skills WHERE name = 'Swift')),
    ((SELECT id FROM users WHERE email = 'matthew.garcia@example.com'), (SELECT id FROM skills WHERE name = 'Kotlin')),
    ((SELECT id FROM users WHERE email = 'natalie.rodriguez@example.com'), (SELECT id FROM skills WHERE name = 'Machine Learning')),
    ((SELECT id FROM users WHERE email = 'oscar.martinez@example.com'), (SELECT id FROM skills WHERE name = 'Data Analysis')),
    ((SELECT id FROM users WHERE email = 'paula.lopez@example.com'), (SELECT id FROM skills WHERE name = 'Content Writing')),
    ((SELECT id FROM users WHERE email = 'quinn.gonzalez@example.com'), (SELECT id FROM skills WHERE name = 'Adobe Creative Suite')),
    ((SELECT id FROM users WHERE email = 'rita.wilson@example.com'), (SELECT id FROM skills WHERE name = 'Digital Marketing')),
    ((SELECT id FROM users WHERE email = 'sam.anderson@example.com'), (SELECT id FROM skills WHERE name = 'Network Protocols')),
    ((SELECT id FROM users WHERE email = 'tina.thomas@example.com'), (SELECT id FROM skills WHERE name = 'Social Media Strategy')),
    ((SELECT id FROM users WHERE email = 'uma.taylor@example.com'), (SELECT id FROM skills WHERE name = 'User Testing')),
    ((SELECT id FROM users WHERE email = 'victor.moore@example.com'), (SELECT id FROM skills WHERE name = 'Financial Analysis')),
    ((SELECT id FROM users WHERE email = 'wendy.jackson@example.com'), (SELECT id FROM skills WHERE name = 'Event Planning')),
    ((SELECT id FROM users WHERE email = 'xander.white@example.com'), (SELECT id FROM skills WHERE name = 'Project Management')),
    ((SELECT id FROM users WHERE email = 'yara.harris@example.com'), (SELECT id FROM skills WHERE name = 'Legal Compliance')),
    ((SELECT id FROM users WHERE email = 'zane.clark@example.com'), (SELECT id FROM skills WHERE name = 'Brand Strategy')),
    ((SELECT id FROM users WHERE email = 'alice.parker@example.com'), (SELECT id FROM skills WHERE name = 'Technical Writing')),
    ((SELECT id FROM users WHERE email = 'brian.evans@example.com'), (SELECT id FROM skills WHERE name = 'Financial Reporting')),
    ((SELECT id FROM users WHERE email = 'catherine.edwards@example.com'), (SELECT id FROM skills WHERE name = 'E-commerce Strategy')),
    ((SELECT id FROM users WHERE email = 'daniel.collins@example.com'), (SELECT id FROM skills WHERE name = 'Cloud Computing')),
    ((SELECT id FROM users WHERE email = 'elaine.stewart@example.com'), (SELECT id FROM skills WHERE name = 'Sales Strategy')),
    ((SELECT id FROM users WHERE email = 'frank.sanchez@example.com'), (SELECT id FROM skills WHERE name = 'Recruitment')),
    ((SELECT id FROM users WHERE email = 'gina.morris@example.com'), (SELECT id FROM skills WHERE name = 'Customer Service')),
    ((SELECT id FROM users WHERE email = 'henry.rogers@example.com'), (SELECT id FROM skills WHERE name = 'Data Analysis')),
    ((SELECT id FROM users WHERE email = 'ivy.reed@example.com'), (SELECT id FROM skills WHERE name = 'Web Development')),
    ((SELECT id FROM users WHERE email = 'jake.cook@example.com'), (SELECT id FROM skills WHERE name = 'Game Development')),
    ((SELECT id FROM users WHERE email = 'kathy.bell@example.com'), (SELECT id FROM skills WHERE name = 'Community Management')),
    ((SELECT id FROM users WHERE email = 'leo.murphy@example.com'), (SELECT id FROM skills WHERE name = 'Change Management')),
    ((SELECT id FROM users WHERE email = 'monica.rivera@example.com'), (SELECT id FROM skills WHERE name = 'Negotiation')),
    ((SELECT id FROM users WHERE email = 'nina.cooper@example.com'), (SELECT id FROM skills WHERE name = 'Video Production')),
    ((SELECT id FROM users WHERE email = 'oscar.richardson@example.com'), (SELECT id FROM skills WHERE name = 'Public Speaking')),
    ((SELECT id FROM users WHERE email = 'pamela.cox@example.com'), (SELECT id FROM skills WHERE name = 'Customer Service')),
    ((SELECT id FROM users WHERE email = 'quincy.howard@example.com' ORDER BY id LIMIT 1), (SELECT id FROM skills WHERE name = 'Social Media Strategy' ORDER BY id LIMIT 1));

-- Update job_searchers to only include users with the 'user' role
INSERT INTO
    job_searchers (id, title, user_id, category_id, work_hours, salary_range, location)
VALUES
    (UUID(), 'Data Analyst', (SELECT id FROM users WHERE email = 'kevin.martinez@example.com' ORDER BY id LIMIT 1), (SELECT id FROM categories WHERE name = 'Data Science' ORDER BY id LIMIT 1), 'Full-time', 'EUR3500-EUR4500', 'Amsterdam'),
    (UUID(), 'UX Designer', (SELECT id FROM users WHERE email = 'daniel.collins@example.com' ORDER BY id LIMIT 1), (SELECT id FROM categories WHERE name = 'Product Design' ORDER BY id LIMIT 1), 'Full-time', 'EUR3000-EUR4000', 'Rotterdam'),
    (UUID(), 'Brand Manager', (SELECT id FROM users WHERE email = 'elaine.stewart@example.com' ORDER BY id LIMIT 1), (SELECT id FROM categories WHERE name = 'Brand Management' ORDER BY id LIMIT 1), 'Full-time', 'EUR3500-EUR4500', 'Utrecht'),
    (UUID(), 'PR Specialist', (SELECT id FROM users WHERE email = 'frank.sanchez@example.com' ORDER BY id LIMIT 1), (SELECT id FROM categories WHERE name = 'Public Relations' ORDER BY id LIMIT 1), 'Full-time', 'EUR4000-EUR5500', 'Amsterdam'),
    (UUID(), 'Environmental Consultant', (SELECT id FROM users WHERE email = 'gina.morris@example.com' ORDER BY id LIMIT 1), (SELECT id FROM categories WHERE name = 'Sustainability Consulting' ORDER BY id LIMIT 1), 'Full-time', 'EUR3500-EUR4500', 'Rotterdam'),
    (UUID(), 'Operations Manager', (SELECT id FROM users WHERE email = 'henry.rogers@example.com' ORDER BY id LIMIT 1), (SELECT id FROM categories WHERE name = 'Operations Management' ORDER BY id LIMIT 1), 'Full-time', 'EUR4500-EUR6000', 'Utrecht'),
    (UUID(), 'Legal Assistant', (SELECT id FROM users WHERE email = 'ivy.reed@example.com' ORDER BY id LIMIT 1), (SELECT id FROM categories WHERE name = 'Insurance' ORDER BY id LIMIT 1), 'Full-time', 'EUR3000-EUR4000', 'Amsterdam'),
    (UUID(), 'Supply Chain Analyst', (SELECT id FROM users WHERE email = 'jake.cook@example.com' ORDER BY id LIMIT 1), (SELECT id FROM categories WHERE name = 'Operations Management' ORDER BY id LIMIT 1), 'Full-time', 'EUR3500-EUR4500', 'Rotterdam'),
    (UUID(), 'Account Manager', (SELECT id FROM users WHERE email = 'kathy.bell@example.com' ORDER BY id LIMIT 1), (SELECT id FROM categories WHERE name = 'Sales' ORDER BY id LIMIT 1), 'Full-time', 'EUR4000-EUR5000', 'Utrecht'),
    (UUID(), 'Software Architect', (SELECT id FROM users WHERE email = 'leo.murphy@example.com' ORDER BY id LIMIT 1), (SELECT id FROM categories WHERE name = 'Web Development' ORDER BY id LIMIT 1), 'Full-time', 'EUR5000-EUR7000', 'Amsterdam'),
    (UUID(), 'QA Engineer', (SELECT id FROM users WHERE email = 'monica.rivera@example.com' ORDER BY id LIMIT 1), (SELECT id FROM categories WHERE name = 'Quality Assurance' ORDER BY id LIMIT 1), 'Full-time', 'EUR3000-EUR4000', 'Rotterdam'),
    (UUID(), 'Customer Success Manager', (SELECT id FROM users WHERE email = 'nina.cooper@example.com' ORDER BY id LIMIT 1), (SELECT id FROM categories WHERE name = 'Technical Support' ORDER BY id LIMIT 1), 'Full-time', 'EUR4000-EUR5000', 'Utrecht'),
    (UUID(), 'Social Media Analyst', (SELECT id FROM users WHERE email = 'oscar.richardson@example.com' ORDER BY id LIMIT 1), (SELECT id FROM categories WHERE name = 'Social Media Management' ORDER BY id LIMIT 1), 'Full-time', 'EUR3500-EUR4500', 'Amsterdam'),
    (UUID(), 'Corporate Trainer', (SELECT id FROM users WHERE email = 'pamela.cox@example.com' ORDER BY id LIMIT 1), (SELECT id FROM categories WHERE name = 'Corporate Training' ORDER BY id LIMIT 1), 'Full-time', 'EUR3000-EUR4000', 'Rotterdam'),
    (UUID(), 'UX Designer', (SELECT id FROM users WHERE email = 'quincy.howard@example.com' ORDER BY id LIMIT 1), (SELECT id FROM categories WHERE name = 'Product Design' ORDER BY id LIMIT 1), 'Full-time', 'EUR4000-EUR5000', 'Utrecht'),
    (UUID(), 'Interior Designer', (SELECT id FROM users WHERE email = 'rachel.ward@example.com' ORDER BY id LIMIT 1), (SELECT id FROM categories WHERE name = 'Interior Design' ORDER BY id LIMIT 1), 'Full-time', 'EUR3500-EUR4500', 'Amsterdam'),
    (UUID(), 'Fitness Instructor', (SELECT id FROM users WHERE email = 'steve.torres@example.com' ORDER BY id LIMIT 1), (SELECT id FROM categories WHERE name = 'Teaching' ORDER BY id LIMIT 1), 'Full-time', 'EUR3000-EUR4000', 'Rotterdam'),
    (UUID(), 'Retail Manager', (SELECT id FROM users WHERE email = 'tracy.peterson@example.com' ORDER BY id LIMIT 1), (SELECT id FROM categories WHERE name = 'Sales' ORDER BY id LIMIT 1), 'Full-time', 'EUR3500-EUR4500', 'Utrecht'),
    (UUID(), 'Project Manager', (SELECT id FROM users WHERE email = 'ursula.gray@example.com' ORDER BY id LIMIT 1), (SELECT id FROM categories WHERE name = 'Operations Management' ORDER BY id LIMIT 1), 'Full-time', 'EUR4500-EUR6000', 'Amsterdam'),
    (UUID(), 'Crisis Manager', (SELECT id FROM users WHERE email = 'victor.ramirez@example.com' ORDER BY id LIMIT 1), (SELECT id FROM categories WHERE name = 'Risk Management' ORDER BY id LIMIT 1), 'Full-time', 'EUR4000-EUR5000', 'Rotterdam'),
    (UUID(), 'Blockchain Developer', (SELECT id FROM users WHERE email = 'wendy.james@example.com' ORDER BY id LIMIT 1), (SELECT id FROM categories WHERE name = 'Blockchain Technology' ORDER BY id LIMIT 1), 'Full-time', 'EUR5000-EUR7000', 'Utrecht'),
    (UUID(), 'Teacher', (SELECT id FROM users WHERE email = 'someone@example.com' ORDER BY id LIMIT 1), (SELECT id FROM categories WHERE name = 'Teaching' ORDER BY id LIMIT 1), 'Full-time', 'EUR3000-EUR4000', 'Amsterdam');

INSERT INTO
    applications (id, user_id, job_id, cover_letter, resume_url, status)
VALUES
    (UUID(), (SELECT id FROM users WHERE email = 'kevin.martinez@example.com'), (SELECT id FROM jobs WHERE title = 'Data Analyst'), 'I have a strong background in data analysis.', 'https://example.com/resumes/kevin_resume.pdf', 'pending'),
    (UUID(), (SELECT id FROM users WHERE email = 'laura.hernandez@example.com'), (SELECT id FROM jobs WHERE title = 'Content Strategist'), 'I am passionate about creating content strategies.', 'https://example.com/resumes/laura_resume.pdf', 'reviewed'),
    (UUID(), (SELECT id FROM users WHERE email = 'matthew.garcia@example.com'), (SELECT id FROM jobs WHERE title = 'Software Tester'), 'I have experience in software testing.', 'https://example.com/resumes/matthew_resume.pdf', 'accepted'),
    (UUID(), (SELECT id FROM users WHERE email = 'natalie.rodriguez@example.com'), (SELECT id FROM jobs WHERE title = 'Marketing Coordinator'), 'I have extensive experience in marketing.', 'https://example.com/resumes/natalie_resume.pdf', 'pending'),
    (UUID(), (SELECT id FROM users WHERE email = 'oscar.martinez@example.com'), (SELECT id FROM jobs WHERE title = 'Systems Analyst'), 'I specialize in analyzing systems and processes.', 'https://example.com/resumes/oscar_resume.pdf', 'rejected'),
    (UUID(), (SELECT id FROM users WHERE email = 'paula.lopez@example.com'), (SELECT id FROM jobs WHERE title = 'Event Planner'), 'I have a proven track record in event planning.', 'https://example.com/resumes/paula_resume.pdf', 'pending'),
    (UUID(), (SELECT id FROM users WHERE email = 'quinn.gonzalez@example.com'), (SELECT id FROM jobs WHERE title = 'IT Consultant'), 'I have strong IT consulting experience.', 'https://example.com/resumes/quinn_resume.pdf', 'accepted'),
    (UUID(), (SELECT id FROM users WHERE email = 'rita.wilson@example.com'), (SELECT id FROM jobs WHERE title = 'Social Media Consultant'), 'I am skilled in social media management.', 'https://example.com/resumes/rita_resume.pdf', 'reviewed'),
    (UUID(), (SELECT id FROM users WHERE email = 'sam.anderson@example.com'), (SELECT id FROM jobs WHERE title = 'Online Marketer'), 'I excel in online marketing strategies.', 'https://example.com/resumes/sam_resume.pdf', 'pending'),
    (UUID(), (SELECT id FROM users WHERE email = 'tina.thomas@example.com'), (SELECT id FROM jobs WHERE title = 'Product Manager'), 'I have a strong background in product management.', 'https://example.com/resumes/tina_resume.pdf', 'accepted'),
    (UUID(), (SELECT id FROM users WHERE email = 'uma.taylor@example.com'), (SELECT id FROM jobs WHERE title = 'Financial Consultant'), 'I have experience in financial consulting.', 'https://example.com/resumes/uma_resume.pdf', 'pending'),
    (UUID(), (SELECT id FROM users WHERE email = 'victor.moore@example.com'), (SELECT id FROM jobs WHERE title = 'Graphic Designer'), 'I have a portfolio of graphic design work.', 'https://example.com/resumes/victor_resume.pdf', 'reviewed'),
    (UUID(), (SELECT id FROM users WHERE email = 'wendy.jackson@example.com'), (SELECT id FROM jobs WHERE title = 'Web Developer'), 'I have a strong web development background.', 'https://example.com/resumes/wendy_resume.pdf', 'accepted'),
    (UUID(), (SELECT id FROM users WHERE email = 'xander.white@example.com'), (SELECT id FROM jobs WHERE title = 'HR Specialist'), 'I have experience in HR management.', 'https://example.com/resumes/xander_resume.pdf', 'pending'),
    (UUID(), (SELECT id FROM users WHERE email = 'yara.harris@example.com'), (SELECT id FROM jobs WHERE title = 'Mobile Developer'), 'I am passionate about mobile app development.', 'https://example.com/resumes/yara_resume.pdf', 'rejected'),
    (UUID(), (SELECT id FROM users WHERE email = 'zane.clark@example.com'), (SELECT id FROM jobs WHERE title = 'Research Analyst'), 'I conduct thorough research and analysis.', 'https://example.com/resumes/zane_resume.pdf', 'pending'),
    (UUID(), (SELECT id FROM users WHERE email = 'alice.parker@example.com'), (SELECT id FROM jobs WHERE title = 'Content Editor'), 'I have experience in editing content.', 'https://example.com/resumes/alice_resume.pdf', 'accepted'),
    (UUID(), (SELECT id FROM users WHERE email = 'brian.evans@example.com'), (SELECT id FROM jobs WHERE title = 'IT Support Specialist'), 'I provide technical support to users.', 'https://example.com/resumes/brian_resume.pdf', 'reviewed'),
    (UUID(), (SELECT id FROM users WHERE email = 'catherine.edwards@example.com'), (SELECT id FROM jobs WHERE title = 'Sales Manager'), 'I have a proven track record in sales.', 'https://example.com/resumes/catherine_resume.pdf', 'pending'),
    (UUID(), (SELECT id FROM users WHERE email = 'daniel.collins@example.com'), (SELECT id FROM jobs WHERE title = 'Digital Designer'), 'I create engaging digital designs.', 'https://example.com/resumes/daniel_resume.pdf', 'accepted'),
    (UUID(), (SELECT id FROM users WHERE email = 'elaine.stewart@example.com'), (SELECT id FROM jobs WHERE title = 'Brand Strategist'), 'I help brands define their message.', 'https://example.com/resumes/elaine_resume.pdf', 'pending'),
    (UUID(), (SELECT id FROM users WHERE email = 'frank.sanchez@example.com'), (SELECT id FROM jobs WHERE title = 'Public Relations Manager'), 'I manage PR strategies effectively.', 'https://example.com/resumes/frank_resume.pdf', 'reviewed'),
    (UUID(), (SELECT id FROM users WHERE email = 'gina.morris@example.com'), (SELECT id FROM jobs WHERE title = 'Environmental Consultant'), 'I advise on environmental practices.', 'https://example.com/resumes/gina_resume.pdf', 'accepted'),
    (UUID(), (SELECT id FROM users WHERE email = 'henry.rogers@example.com'), (SELECT id FROM jobs WHERE title = 'Operations Manager'), 'I oversee daily operations efficiently.', 'https://example.com/resumes/henry_resume.pdf', 'pending'),
    (UUID(), (SELECT id FROM users WHERE email = 'ivy.reed@example.com'), (SELECT id FROM jobs WHERE title = 'Legal Advisor'), 'I provide legal advice to clients.', 'https://example.com/resumes/ivy_resume.pdf', 'reviewed'),
    (UUID(), (SELECT id FROM users WHERE email = 'jake.cook@example.com'), (SELECT id FROM jobs WHERE title = 'Supply Chain Analyst'), 'I analyze supply chain processes.', 'https://example.com/resumes/jake_resume.pdf', 'accepted'),
    (UUID(), (SELECT id FROM users WHERE email = 'kathy.bell@example.com'), (SELECT id FROM jobs WHERE title = 'Account Manager'), 'I manage client accounts effectively.', 'https://example.com/resumes/kathy_resume.pdf', 'pending'),
    (UUID(), (SELECT id FROM users WHERE email = 'leo.murphy@example.com'), (SELECT id FROM jobs WHERE title = 'Software Architect'), 'I design software solutions architecturally.', 'https://example.com/resumes/leo_resume.pdf', 'rejected'),
    (UUID(), (SELECT id FROM users WHERE email = 'monica.rivera@example.com'), (SELECT id FROM jobs WHERE title = 'Quality Assurance Tester'), 'I ensure product quality through testing.', 'https://example.com/resumes/monica_resume.pdf', 'pending'),
    (UUID(), (SELECT id FROM users WHERE email = 'nina.cooper@example.com'), (SELECT id FROM jobs WHERE title = 'Customer Success Manager'), 'I ensure customer satisfaction.', 'https://example.com/resumes/nina_resume.pdf', 'accepted'),
    (UUID(), (SELECT id FROM users WHERE email = 'oscar.richardson@example.com'), (SELECT id FROM jobs WHERE title = 'Social Media Analyst'), 'I analyze social media performance.', 'https://example.com/resumes/oscar_resume.pdf', 'reviewed'),
    (UUID(), (SELECT id FROM users WHERE email = 'pamela.cox@example.com'), (SELECT id FROM jobs WHERE title = 'Corporate Trainer'), 'I provide corporate training programs.', 'https://example.com/resumes/pamela_resume.pdf', 'pending'),
    (UUID(), (SELECT id FROM users WHERE email = 'quincy.howard@example.com'), (SELECT id FROM jobs WHERE title = 'Mobile UX Designer'), 'I design user experiences for mobile apps.', 'https://example.com/resumes/quincy_resume.pdf', 'accepted'),
    (UUID(), (SELECT id FROM users WHERE email = 'rachel.ward@example.com'), (SELECT id FROM jobs WHERE title = 'Interior Designer'), 'I create functional and aesthetic interior spaces.', 'https://example.com/resumes/rachel_resume.pdf', 'pending'),
    (UUID(), (SELECT id FROM users WHERE email = 'steve.torres@example.com'), (SELECT id FROM jobs WHERE title = 'Fitness Trainer'), 'I help clients achieve their fitness goals.', 'https://example.com/resumes/steve_resume.pdf', 'accepted'),
    (UUID(), (SELECT id FROM users WHERE email = 'tracy.peterson@example.com'), (SELECT id FROM jobs WHERE title = 'Retail Manager'), 'I manage retail operations and staff.', 'https://example.com/resumes/tracy_resume.pdf', 'reviewed'),
    (UUID(), (SELECT id FROM users WHERE email = 'ursula.gray@example.com'), (SELECT id FROM jobs WHERE title = 'Technical Project Manager'), 'I manage technical projects from start to finish.', 'https://example.com/resumes/ursula_resume.pdf', 'pending'),
    (UUID(), (SELECT id FROM users WHERE email = 'victor.ramirez@example.com'), (SELECT id FROM jobs WHERE title = 'Crisis Manager'), 'I handle crisis situations effectively.', 'https://example.com/resumes/victor_resume.pdf', 'accepted'),
    (UUID(), (SELECT id FROM users WHERE email = 'wendy.james@example.com'), (SELECT id FROM jobs WHERE title = 'Blockchain Developer'), 'I develop blockchain-based applications.', 'https://example.com/resumes/wendy_resume.pdf', 'reviewed');

    INSERT INTO
        interviews (id, job_id, user_id, scheduled_at, status)
    VALUES
        -- 3 interviews for admin user (admin@example.com)
        (UUID(), (SELECT id FROM jobs WHERE title = 'Backend Developer'), (SELECT id FROM users WHERE email = 'admin@example.com'), DATE_ADD(NOW(), INTERVAL 2 DAY), 'scheduled'),
        (UUID(), (SELECT id FROM jobs WHERE title = 'Mobile App Developer'), (SELECT id FROM users WHERE email = 'admin@example.com'), DATE_ADD(NOW(), INTERVAL -5 DAY), 'completed'),
        (UUID(), (SELECT id FROM jobs WHERE title = 'Data Scientist'), (SELECT id FROM users WHERE email = 'admin@example.com'), DATE_ADD(NOW(), INTERVAL -2 DAY), 'cancelled'),
        -- 1 interview for each other user
        (UUID(), (SELECT id FROM jobs WHERE title = 'Content Writer'), (SELECT id FROM users WHERE email = 'kevin.martinez@example.com'), DATE_ADD(NOW(), INTERVAL 3 DAY), 'scheduled'),
        (UUID(), (SELECT id FROM jobs WHERE title = 'Graphic Designer'), (SELECT id FROM users WHERE email = 'laura.hernandez@example.com'), DATE_ADD(NOW(), INTERVAL 4 DAY), 'scheduled'),
        (UUID(), (SELECT id FROM jobs WHERE title = 'SEO Specialist'), (SELECT id FROM users WHERE email = 'matthew.garcia@example.com'), DATE_ADD(NOW(), INTERVAL 1 DAY), 'scheduled'),
        (UUID(), (SELECT id FROM jobs WHERE title = 'Network Engineer'), (SELECT id FROM users WHERE email = 'natalie.rodriguez@example.com'), DATE_ADD(NOW(), INTERVAL -3 DAY), 'completed'),
        (UUID(), (SELECT id FROM jobs WHERE title = 'Social Media Strategist'), (SELECT id FROM users WHERE email = 'oscar.martinez@example.com'), DATE_ADD(NOW(), INTERVAL 5 DAY), 'scheduled'),
        (UUID(), (SELECT id FROM jobs WHERE title = 'UX Researcher'), (SELECT id FROM users WHERE email = 'paula.lopez@example.com'), DATE_ADD(NOW(), INTERVAL -1 DAY), 'cancelled'),
        (UUID(), (SELECT id FROM jobs WHERE title = 'Business Analyst'), (SELECT id FROM users WHERE email = 'quinn.gonzalez@example.com'), DATE_ADD(NOW(), INTERVAL 7 DAY), 'scheduled'),
        (UUID(), (SELECT id FROM jobs WHERE title = 'Event Coordinator'), (SELECT id FROM users WHERE email = 'rita.wilson@example.com'), DATE_ADD(NOW(), INTERVAL 6 DAY), 'scheduled'),
        (UUID(), (SELECT id FROM jobs WHERE title = 'Mobile Game Developer'), (SELECT id FROM users WHERE email = 'sam.anderson@example.com'), DATE_ADD(NOW(), INTERVAL -4 DAY), 'completed'),
        (UUID(), (SELECT id FROM jobs WHERE title = 'Research Scientist'), (SELECT id FROM users WHERE email = 'tina.thomas@example.com'), DATE_ADD(NOW(), INTERVAL 8 DAY), 'scheduled'),
        (UUID(), (SELECT id FROM jobs WHERE title = 'Legal Consultant'), (SELECT id FROM users WHERE email = 'uma.taylor@example.com'), DATE_ADD(NOW(), INTERVAL 9 DAY), 'scheduled'),
        (UUID(), (SELECT id FROM jobs WHERE title = 'Product Marketing Manager'), (SELECT id FROM users WHERE email = 'victor.moore@example.com'), DATE_ADD(NOW(), INTERVAL -6 DAY), 'completed'),
        (UUID(), (SELECT id FROM jobs WHERE title = 'Technical Writer'), (SELECT id FROM users WHERE email = 'wendy.jackson@example.com'), DATE_ADD(NOW(), INTERVAL 10 DAY), 'scheduled'),
        (UUID(), (SELECT id FROM jobs WHERE title = 'Financial Analyst'), (SELECT id FROM users WHERE email = 'xander.white@example.com'), DATE_ADD(NOW(), INTERVAL 11 DAY), 'scheduled'),
        (UUID(), (SELECT id FROM jobs WHERE title = 'E-commerce Manager'), (SELECT id FROM users WHERE email = 'yara.harris@example.com'), DATE_ADD(NOW(), INTERVAL -7 DAY), 'cancelled'),
        (UUID(), (SELECT id FROM jobs WHERE title = 'Cloud Architect'), (SELECT id FROM users WHERE email = 'zane.clark@example.com'), DATE_ADD(NOW(), INTERVAL 12 DAY), 'scheduled'),
        (UUID(), (SELECT id FROM jobs WHERE title = 'Sales Executive'), (SELECT id FROM users WHERE email = 'alice.parker@example.com'), DATE_ADD(NOW(), INTERVAL 13 DAY), 'scheduled'),
        (UUID(), (SELECT id FROM jobs WHERE title = 'HR Coordinator'), (SELECT id FROM users WHERE email = 'brian.evans@example.com'), DATE_ADD(NOW(), INTERVAL -8 DAY), 'completed'),
        (UUID(), (SELECT id FROM jobs WHERE title = 'Insurance Agent'), (SELECT id FROM users WHERE email = 'catherine.edwards@example.com'), DATE_ADD(NOW(), INTERVAL 14 DAY), 'scheduled'),
        (UUID(), (SELECT id FROM jobs WHERE title = 'Data Engineer'), (SELECT id FROM users WHERE email = 'daniel.collins@example.com'), DATE_ADD(NOW(), INTERVAL -9 DAY), 'cancelled'),
        (UUID(), (SELECT id FROM jobs WHERE title = 'Web Designer'), (SELECT id FROM users WHERE email = 'elaine.stewart@example.com'), DATE_ADD(NOW(), INTERVAL 15 DAY), 'scheduled'),
        (UUID(), (SELECT id FROM jobs WHERE title = 'Game Designer'), (SELECT id FROM users WHERE email = 'frank.sanchez@example.com'), DATE_ADD(NOW(), INTERVAL 16 DAY), 'scheduled'),
        (UUID(), (SELECT id FROM jobs WHERE title = 'Business Analyst'), (SELECT id FROM users WHERE email = 'quinn.gonzalez@example.com'), DATE_ADD(NOW(), INTERVAL 7 DAY), 'scheduled'),
        (UUID(), (SELECT id FROM jobs WHERE title = 'Event Coordinator'), (SELECT id FROM users WHERE email = 'rita.wilson@example.com'), DATE_ADD(NOW(), INTERVAL 6 DAY), 'scheduled'),
        (UUID(), (SELECT id FROM jobs WHERE title = 'Mobile Game Developer'), (SELECT id FROM users WHERE email = 'sam.anderson@example.com'), DATE_ADD(NOW(), INTERVAL -4 DAY), 'completed'),
        (UUID(), (SELECT id FROM jobs WHERE title = 'Research Scientist'), (SELECT id FROM users WHERE email = 'tina.thomas@example.com'), DATE_ADD(NOW(), INTERVAL 8 DAY), 'scheduled'),
        (UUID(), (SELECT id FROM jobs WHERE title = 'Legal Consultant'), (SELECT id FROM users WHERE email = 'uma.taylor@example.com'), DATE_ADD(NOW(), INTERVAL 9 DAY), 'scheduled'),
        (UUID(), (SELECT id FROM jobs WHERE title = 'Product Marketing Manager'), (SELECT id FROM users WHERE email = 'victor.moore@example.com'), DATE_ADD(NOW(), INTERVAL -6 DAY), 'completed'),
        (UUID(), (SELECT id FROM jobs WHERE title = 'Technical Writer'), (SELECT id FROM users WHERE email = 'wendy.jackson@example.com'), DATE_ADD(NOW(), INTERVAL 10 DAY), 'scheduled'),
        (UUID(), (SELECT id FROM jobs WHERE title = 'Financial Analyst'), (SELECT id FROM users WHERE email = 'xander.white@example.com'), DATE_ADD(NOW(), INTERVAL 11 DAY), 'scheduled'),
        (UUID(), (SELECT id FROM jobs WHERE title = 'E-commerce Manager'), (SELECT id FROM users WHERE email = 'yara.harris@example.com'), DATE_ADD(NOW(), INTERVAL -7 DAY), 'cancelled'),
        (UUID(), (SELECT id FROM jobs WHERE title = 'Cloud Architect'), (SELECT id FROM users WHERE email = 'zane.clark@example.com'), DATE_ADD(NOW(), INTERVAL 12 DAY), 'scheduled'),
        (UUID(), (SELECT id FROM jobs WHERE title = 'Sales Executive'), (SELECT id FROM users WHERE email = 'alice.parker@example.com'), DATE_ADD(NOW(), INTERVAL 13 DAY), 'scheduled'),
        (UUID(), (SELECT id FROM jobs WHERE title = 'HR Coordinator'), (SELECT id FROM users WHERE email = 'brian.evans@example.com'), DATE_ADD(NOW(), INTERVAL -8 DAY), 'completed'),
        (UUID(), (SELECT id FROM jobs WHERE title = 'Insurance Agent'), (SELECT id FROM users WHERE email = 'catherine.edwards@example.com'), DATE_ADD(NOW(), INTERVAL 14 DAY), 'scheduled'),
        (UUID(), (SELECT id FROM jobs WHERE title = 'Data Engineer'), (SELECT id FROM users WHERE email = 'daniel.collins@example.com'), DATE_ADD(NOW(), INTERVAL -9 DAY), 'cancelled'),
        (UUID(), (SELECT id FROM jobs WHERE title = 'Web Designer'), (SELECT id FROM users WHERE email = 'elaine.stewart@example.com'), DATE_ADD(NOW(), INTERVAL 15 DAY), 'scheduled'),
        (UUID(), (SELECT id FROM jobs WHERE title = 'Game Designer'), (SELECT id FROM users WHERE email = 'frank.sanchez@example.com'), DATE_ADD(NOW(), INTERVAL 16 DAY), 'scheduled'),
        (UUID(), (SELECT id FROM jobs WHERE title = 'Online Community Manager'), (SELECT id FROM users WHERE email = 'gina.morris@example.com'), DATE_ADD(NOW(), INTERVAL -10 DAY), 'completed'),
        (UUID(), (SELECT id FROM jobs WHERE title = 'Sustainability Consultant'), (SELECT id FROM users WHERE email = 'henry.rogers@example.com'), DATE_ADD(NOW(), INTERVAL 17 DAY), 'scheduled'),
        (UUID(), (SELECT id FROM jobs WHERE title = 'Fashion Buyer'), (SELECT id FROM users WHERE email = 'ivy.reed@example.com'), DATE_ADD(NOW(), INTERVAL -11 DAY), 'cancelled'),
        (UUID(), (SELECT id FROM jobs WHERE title = 'Video Producer'), (SELECT id FROM users WHERE email = 'jake.cook@example.com'), DATE_ADD(NOW(), INTERVAL 18 DAY), 'scheduled'),
        (UUID(), (SELECT id FROM jobs WHERE title = 'Public Relations Specialist'), (SELECT id FROM users WHERE email = 'kathy.bell@example.com'), DATE_ADD(NOW(), INTERVAL 19 DAY), 'scheduled'),
        (UUID(), (SELECT id FROM jobs WHERE title = 'Travel Consultant'), (SELECT id FROM users WHERE email = 'leo.murphy@example.com'), DATE_ADD(NOW(), INTERVAL -12 DAY), 'completed'),
        (UUID(), (SELECT id FROM jobs WHERE title = 'Backend Developer'), (SELECT id FROM users WHERE email = 'monica.rivera@example.com'), DATE_ADD(NOW(), INTERVAL 20 DAY), 'scheduled'),
        (UUID(), (SELECT id FROM jobs WHERE title = 'Mobile App Developer'), (SELECT id FROM users WHERE email = 'nina.cooper@example.com'), DATE_ADD(NOW(), INTERVAL -13 DAY), 'cancelled'),
        (UUID(), (SELECT id FROM jobs WHERE title = 'Data Scientist'), (SELECT id FROM users WHERE email = 'oscar.richardson@example.com'), DATE_ADD(NOW(), INTERVAL 21 DAY), 'scheduled'),
        (UUID(), (SELECT id FROM jobs WHERE title = 'Content Writer'), (SELECT id FROM users WHERE email = 'pamela.cox@example.com'), DATE_ADD(NOW(), INTERVAL 22 DAY), 'scheduled'),
        (UUID(), (SELECT id FROM jobs WHERE title = 'Graphic Designer'), (SELECT id FROM users WHERE email = 'quincy.howard@example.com'), DATE_ADD(NOW(), INTERVAL -14 DAY), 'completed'),
        (UUID(), (SELECT id FROM jobs WHERE title = 'SEO Specialist'), (SELECT id FROM users WHERE email = 'rachel.ward@example.com'), DATE_ADD(NOW(), INTERVAL 23 DAY), 'scheduled'),
        (UUID(), (SELECT id FROM jobs WHERE title = 'Network Engineer'), (SELECT id FROM users WHERE email = 'steve.torres@example.com'), DATE_ADD(NOW(), INTERVAL -15 DAY), 'cancelled'),
        (UUID(), (SELECT id FROM jobs WHERE title = 'Social Media Strategist'), (SELECT id FROM users WHERE email = 'tracy.peterson@example.com'), DATE_ADD(NOW(), INTERVAL 24 DAY), 'scheduled'),
        (UUID(), (SELECT id FROM jobs WHERE title = 'UX Researcher'), (SELECT id FROM users WHERE email = 'ursula.gray@example.com'), DATE_ADD(NOW(), INTERVAL 25 DAY), 'scheduled'),
        (UUID(), (SELECT id FROM jobs WHERE title = 'Business Analyst'), (SELECT id FROM users WHERE email = 'victor.ramirez@example.com'), DATE_ADD(NOW(), INTERVAL -16 DAY), 'completed'),
        (UUID(), (SELECT id FROM jobs WHERE title = 'Event Coordinator'), (SELECT id FROM users WHERE email = 'wendy.james@example.com'), DATE_ADD(NOW(), INTERVAL 26 DAY), 'scheduled'),
        (UUID(), (SELECT id FROM jobs WHERE title = 'Mobile Game Developer'), (SELECT id FROM users WHERE email = 'xena.watson@example.com'), DATE_ADD(NOW(), INTERVAL -17 DAY), 'cancelled'),
        (UUID(), (SELECT id FROM jobs WHERE title = 'Research Scientist'), (SELECT id FROM users WHERE email = 'yosef.brooks@example.com'), DATE_ADD(NOW(), INTERVAL 27 DAY), 'scheduled'),
        (UUID(), (SELECT id FROM jobs WHERE title = 'Legal Consultant'), (SELECT id FROM users WHERE email = 'zara.kelly@example.com'), DATE_ADD(NOW(), INTERVAL 28 DAY), 'scheduled');